<?xml version="1.0" encoding="UTF-8"?>
<project-private xmlns="http://www.netbeans.org/ns/project-private/1">
    <editor-bookmarks xmlns="http://www.netbeans.org/ns/editor-bookmarks/2" lastBookmarkId="0"/>
    <open-files xmlns="http://www.netbeans.org/ns/projectui-open-files/2">
        <group>
            <file>file:/C:/Users/mandi/Documents/FATEC/FATEC%20CICLO%204%20E%205/PROGRAMAÇÃO%20ORIENTADA%20A%20OBJETOS/Aula05/src/java/br/du/fatecpg/poo/Data.java</file>
            <file>file:/C:/Users/mandi/Documents/FATEC/FATEC%20CICLO%204%20E%205/PROGRAMAÇÃO%20ORIENTADA%20A%20OBJETOS/Aula05/web/data.jsp</file>
            <file>file:/C:/Users/mandi/Documents/FATEC/FATEC%20CICLO%204%20E%205/PROGRAMAÇÃO%20ORIENTADA%20A%20OBJETOS/Aula05/web/index.jsp</file>
            <file>file:/C:/Users/mandi/Documents/FATEC/FATEC%20CICLO%204%20E%205/PROGRAMAÇÃO%20ORIENTADA%20A%20OBJETOS/Aula05/web/users.jsp</file>
            <file>file:/C:/Users/mandi/Documents/FATEC/FATEC%20CICLO%204%20E%205/PROGRAMAÇÃO%20ORIENTADA%20A%20OBJETOS/Aula05/src/java/br/du/fatecpg/poo/User.java</file>
        </group>
    </open-files>
</project-private>
